Workbook

Sheet คำนวณเตรียมวัตถุดิบทำ เอนไซม์
A2: คำนวณเตรียมวัตถุดิบทำ เอนไซม์ (ใช้เฉพาะอากาศเย็น อากาศร้อนไม่จำเป็นต้องใช้ ใช้ให้หมดใน 5 วัน) | G2: คำนวณเตรียมวัตถุดิบอื่นๆ
A3: อัตราส่วนวัตถุดิบ ต่อน้ำ | B3: 100 | C3: อัตราส่วนวัตถุดิบ ต่อน้ำที่ทำ | D3: เอนไซม์ที่ใช้ ต่อน้ำหมัก 100 ลิตร | G3: ยีสต์ ต่อ1ถัง(กรัม) | H3: โซเดียมเมตาไบซัลไฟต์ ต่อ 1 ถัง(กรัม)
A4: ปริมาณน้ำ(ลิตร) | B4: 100 | C4: =E9 -> 0 | D4: 3 | G4: =D6/B4*20 -> 0 | H4: =D6/B4*20 -> 0
A5: เอนไซน์(กรัม) | B5: 25 | C5: =C4/B4*B5 -> 0 | D5: ปริมาณน้ำ ที่ใช้ใน 1 ถัง(ลิตร) | E5: เอนไซม์ที่ต้องใช้ในการหมัก ต่อถัง(ลิตร) | G5: ยีสต์ ทั้งหมด(กรัม) | H5: โซเดียมเมตาไบซัลไฟต์ ทั้งหมด(กรัม)
A6: ยีสต์(กรัม) | B6: 25 | C6: =C4/B4*B6 -> 0 | E6: =D4/B4*D6 -> 0 | G6: =G4*D9 -> 0 | H6: =H4*D9 -> 0
A7: แคลเซียมซัลไฟต์(กรัม) | B7: 15 | C7: =C4/B4*B7 -> 0 | G7: ลูกแป้ง ต่อ1ถัง(กรัม)
A8: น้ำตาล(Kg) | B8: 25 | C8: =C4/B4*B8 -> 0 | D8: จำนวนถัง ทั้งหมดที่จะหมัก | E8: เอนไซม์ที่ต้องใช้ในการหมัก ต่อน้ำที่ใช้จริงทั้งหมด(ลิตร) | G8: =D6/B4*300 -> 0
A9: กากน้ำตาล(Kg) | B9: 1 | C9: =C4/B4*B9 -> 0 | E9: =E6*D9 -> 0 | G9: ลูกแป้ง ทั้งหมด(กรัม)
A10: ผสมให้วัตถุดิบละลายเข้ากัน แล้วปิดฝาภาชนะแบบหลวมๆ คนวัน 1 ครั้ง 2 วัน ควบคุมอุณหภูมิที่ 28-32°C และเก็บใว้จนครบ 5 วันถึงนำออกมาใช้ | G10: =G8*D9 -> 0

Sheet ตารางการแก้ไขค่าความเข้มข้นแอลก
A2: ตารางการแก้ไขค่าความเข้มข้นแอลกอฮอล์
A3: อุณหภูมิ | B3: วัดดีกรีได้
A6: ดีกรีที่ได้
A7: =B4+(0.4*(20-A4)) -> 8
A8: แม่นยำที่สุดกับสุราที่มีดีกรีช่วง 30-60% ABV
A10: ใช้ได้ดีในช่วง 10°C ถึง 35°C หากร้อนหรือเย็นกว่านี้ค่าจะเริ่มแกว่ง

Sheet สูตรคำนวณ ปรับ ค่าดีกรีแอลกอฮอล
A1: สูตรคำนวณ ปรับ ค่าดีกรีแอลกอฮอล์
A2: ความกว่างของถัง(cm) | B2: ความสูงของน้ำแอลกอฮอล์(cm) | D2: ค่าทศนิยมที่แม่นยำกว่า | E2: ปริมาณ น้ำแอลกอฮอล์ในถัง(ลิตร) | G2: ค่าดีกรีแอลกอฮอล์ ตอนนี้(ดีกรี) | H2: ค่าดีกรีแอลกอฮอล์ ที่จะเปลี่ยนเป็น(ดีกรี) | I2: ปริมาณน้ำแอลกอฮอล์ในถัง เมื่อเปลี่ยนเป็นตามที่กำหนด(ลิตร)
D3: 3.14 | E3: =(((A3/2)*(A3/2)*B3)/D3)/100 -> 0 | I3: =(E3*G3)/H3 -> #DIV/0!
A4: ปริมาณ น้ำ ที่ต้องเติมลงผสม ในแอลกอฮอล์เพื่อที่จะได้ ดีกรี ตามที่กำหนด(ลิตร)
A5: =I3-E3 -> #DIV/0!

Sheet สูตรคำนวณข้าวหมัก
A1: สูตรคำนวณข้าวหมัก
A2: ขนาดถังบรรจุต่อ 1 ถัง(ลิตร) | B2: ข้าวสุกหรือธัญพืช(Kg) | D2: ข้าวเหนียวดิบ(Kg) | E2: ข้าวเจ้าดิบ (Kg) | G2: ความหวาน ค่าดีกรีก่อนกลั่น(ดีกรี) | H2: เครื่องกลั่นที่กลั่นเหล้าออกมาได้กี่ % | J2: ดีกรีที่จะทำ (ดีกรี) | L2: น้ำเหล้า ที่จะได้(ลิตร) | M2: น้ำเหล้ามีโอกาสหายเมื่อ เย็นลง15% (ลิตร)
B3: ข้าวสุกหรือธัญพืช 1 Kg ใส่น้ำ 1 ลิตร | G3: มาตรฐานคือ 28 Bx = 14 ดีกรี
B4: =A8/2 -> 0 | D4: =B4/1.53 -> 0 | E4: =B4/3 -> 0 | G4: =B10*0.5 -> 0 | J4: 40 | L4: =B8*G4*H4/J4 -> 0 | M4: =L4*15% -> 0
A5: ใส่น้ำในถังกี่% | M5: คงเหลือ
M6: =L4-M4 -> 0
A7: ปริมาณที่ ใช้ต่อ 1 ถัง(ลิตร) | B7: ปริมาณน้ำที่ใช้ ต่อ 1 ถัง(ลิตร) | C7: ⬆⬆⬆ วัตถุดิบที่ต้องเตรียมก่อนหมักทั้งหมด ลำดับ 1 ⬆⬆⬆
A8: =A4*A6 -> 0 | B8: =A8/2*A10 -> 0 | C8: ปริมาณโซเดียมเมตาไบซัลไฟต์ต่อ 1 ถัง(กรัม) ⬇ | E8: ปริมาณน้ำ ต่อ 1 ถัง ที่ต้องเตรียม(ลิตร) ⬇ | G8: ข้าวสุกหรือธัญพืช ต่อ 1 ถัง(Kg) ⬇ | H8: ข้าวเหนียวดิบหรือธัญพืช ต่อ 1 ถัง(Kg) ⬇ | I8: ข้าวเจ้าดิบหรือธัญพืช ต่อ 1 ถัง(Kg) ⬇ | K8: ลูกแป้ง ต่อ1ถัง(กรัม) ⬇ | L8: เอนไซม์ ต่อ1ถัง(ลิตร) ⬇
A9: จำนวนถัง ทั้งหมด (ถัง) | B9: ค่าความหวานก่อนหมัก ที่วัดได้(Bx) | C9: ='คำนวณเตรียมวัตถุดิบทำ เอนไซม์'!H4 -> 0 | E9: =B8 -> 0 | G9: =B4 -> 0 | H9: =D4 -> 0 | I9: =E4 -> 0 | K9: ='คำนวณเตรียมวัตถุดิบทำ เอนไซม์'!G8 -> 0 | L9: ='คำนวณเตรียมวัตถุดิบทำ เอนไซม์'!E6 -> 0
C10: ปริมาณโซเดียมเมตาไบซัลไฟต์ ทั้งหมด(กรัม) ⬇ | E10: ปริมาณน้ำ ทั้งหมดที่ต้องเตรียม(ลิตร) ⬇ | G10: ข้าวสุกหรือธัญพืชทั้งหมด(Kg) ⬇ | H10: ข้าวเหนียวดิบหรือธัญพืชทั้งหมด(Kg) ⬇ | I10: ข้าวเจ้าดิบหรือธัญพืชทั้งหมด(Kg) ⬇ | K10: ลูกแป้ง ทั้งหมด(กรัม) ⬇ | L10: เอนไซม์ ทั้งหมด(ลิตร) ⬇
C11: ='คำนวณเตรียมวัตถุดิบทำ เอนไซม์'!H6 -> 0 | E11: =E9*A10 -> 0 | G11: =B4*A10 -> 0 | H11: =D4*A10 -> 0 | I11: =E4*A10 -> 0 | K11: ='คำนวณเตรียมวัตถุดิบทำ เอนไซม์'!G10 -> 0 | L11: ='คำนวณเตรียมวัตถุดิบทำ เอนไซม์'!E9 -> 0

Sheet สูตรคำนวณข้าว+น้ำตาล
A1: สูตรคำนวณข้าว+น้ำตาล
A2: ขนาดถังบรรจุต่อ 1 ถัง(ลิตร) | B2: ค่าคงที่ต่ออุณหภูมิ | D2: ข้าวสุกหรือธัญพืช(Kg) | E2: ข้าวเหนียวดิบ(Kg) | F2: ข้าวเจ้าดิบ (Kg) | G2: น้ำตาล(Kg) | H2: ความหวาน ค่าดีกรีก่อนกลั่น(ดีกรี) | I2: เครื่องกลั่นที่กลั่นเหล้าออกมาได้กี่ % | K2: ดีกรีที่จะทำ (ดีกรี) | L2: น้ำเหล้า ที่จะได้(ลิตร) | M2: น้ำเหล้ามีโอกาสหายเมื่อ เย็นลง15% (ลิตร)
B3: อุณหภูมิ | C3: ค่าคงที่ | D3: ข้าวสุกหรือธัญพืช 1 Kg ใส่น้ำ 1.2 ลิตร | G3: น้ำตาล 1 Kg ใส่น้ำ 3 ลิตร | H3: มาตรฐานคือ 28 Bx = 14 ดีกรี
B4: 25°C ขึ้นไป | C4: 6 | D4: =A8/C4/1.2 -> 0 | E4: =D4/1.53 -> 0 | F4: =D4/3 -> 0 | G4: =(A8-(A8/C4))/3 -> 0 | H4: =B10*0.5 -> 0 | K4: 40 | L4: =B8*H4*I4/K4 -> 0 | M4: =L4*15% -> 0
A5: ใส่น้ำในถังกี่% | B5: 22°C ลงไป | C5: 5 | D5: =A8/C5/1.2 -> 0 | E5: =D5/1.53 -> 0 | F5: =D5/3 -> 0 | G5: =(A8-(A8/C5))/3 -> 0 | M5: คงเหลือ
B6: 20°C ลงไป | C6: 4 | D6: =A8/C6/1.2 -> 0 | E6: =D6/1.53 -> 0 | F6: =D6/3 -> 0 | G6: =(A8-(A8/C6))/3 -> 0 | M6: =L4-M4 -> 0
A7: ปริมาณน้ำที่ ใช้ต่อ 1 ถัง(ลิตร) | B7: ปริมาณน้ำที่ใช้ ทั้งหมด(ลิตร) | C7: ⬆⬆⬆ วัตถุดิบที่ต้องเตรียมก่อนหมักทั้งหมด ลำดับ 1 ⬆⬆⬆
A8: =A4*A6 -> 0 | B8: =A8*A10 -> 0 | C8: ปริมาณโซเดียมเมตาไบซัลไฟต์ต่อ 1 ถัง(กรัม) ⬇ | E8: ปริมาณน้ำ ต่อ 1 ถัง ที่ต้องเตรียม(ลิตร) ⬇ | G8: ข้าวสุกหรือธัญพืช ต่อ 1 ถัง(Kg) ⬇ | H8: ข้าวเหนียวดิบหรือธัญพืช ต่อ 1 ถัง(Kg) ⬇ | I8: ข้าวเจ้าดิบหรือธัญพืช ต่อ 1 ถัง(Kg) ⬇ | K8: น้ำตาล ต่อ 1 ถัง(Kg) ⬇ | L8: ลูกแป้ง ต่อ1ถัง(กรัม) ⬇ | M8: ยีสต์ ต่อ1ถัง(กรัม) ⬇ | N8: เอนไซม์ ต่อ1ถัง(ลิตร) ⬇
A9: จำนวนถัง ทั้งหมด (ถัง) | B9: ค่าความหวานก่อนหมัก ที่วัดได้(Bx) | C9: ='คำนวณเตรียมวัตถุดิบทำ เอนไซม์'!H4 -> 0 | E9: =A8 -> 0 | G9: =D4 -> 0 | H9: =E4 -> 0 | I9: =F4 -> 0 | K9: =G4 -> 0 | L9: ='คำนวณเตรียมวัตถุดิบทำ เอนไซม์'!G8 -> 0 | M9: ='คำนวณเตรียมวัตถุดิบทำ เอนไซม์'!G4 -> 0 | N9: ='คำนวณเตรียมวัตถุดิบทำ เอนไซม์'!E6 -> 0
C10: ปริมาณโซเดียมเมตาไบซัลไฟต์ ทั้งหมด(กรัม) ⬇ | E10: ปริมาณน้ำ ทั้งหมดที่ต้องเตรียม(ลิตร) ⬇ | G10: ข้าวสุกหรือธัญพืชทั้งหมด(Kg) ⬇ | H10: ข้าวเหนียวดิบหรือธัญพืชทั้งหมด(Kg) ⬇ | I10: ข้าวเจ้าดิบหรือธัญพืชทั้งหมด(Kg) ⬇ | K10: น้ำตาล ทั้งหมด(Kg) ⬇ | L10: ลูกแป้ง ทั้งหมด(กรัม) ⬇ | M10: ยีสต์ ทั้งหมด(กรัม) ⬇ | N10: เอนไซม์ ทั้งหมด(ลิตร) ⬇
C11: ='คำนวณเตรียมวัตถุดิบทำ เอนไซม์'!H6 -> 0 | E11: =B8 -> 0 | G11: =D4*A10 -> 0 | H11: =E4*A10 -> 0 | I11: =F4*A10 -> 0 | K11: =G4*A10 -> 0 | L11: ='คำนวณเตรียมวัตถุดิบทำ เอนไซม์'!G10 -> 0 | M11: ='คำนวณเตรียมวัตถุดิบทำ เอนไซม์'!G6 -> 0 | N11: ='คำนวณเตรียมวัตถุดิบทำ เอนไซม์'!E9 -> 0

Sheet สูตรคำนวณใส่น้ำผลไม้ + ข้าวหรือ
A1: สูตรคำนวณใส่น้ำผลไม้ + ข้าวหรือธัญพืช
A2: ขนาดถังบรรจุต่อ 1 ถัง(ลิตร) | B2: ค่าคงที่ต่ออุณหภูมิ | D2: ข้าวสุกหรือธัญพืช(Kg) | E2: ข้าวเหนียวดิบ(Kg) | F2: ข้าวเจ้าดิบ (Kg) | G2: น้ำตาล(Kg) | H2: ความหวาน ค่าดีกรีก่อนกลั่น(ดีกรี) | I2: เครื่องกลั่นที่กลั่นเหล้าออกมาได้กี่ % | K2: ดีกรีที่จะทำ (ดีกรี) | L2: น้ำเหล้า ที่จะได้(ลิตร) | M2: น้ำเหล้ามีโอกาสหายเมื่อ เย็นลง 15% (ลิตร)
B3: อุณหภูมิ | C3: ค่าคงที่ | D3: ข้าวสุกหรือธัญพืช 1 Kg ใส่น้ำ 1.2 ลิตร | G3: น้ำตาล 1 Kg ใส่น้ำ 3 ลิตร | H3: มาตรฐานคือ 28 Bx
B4: 25°C ขึ้นไป | C4: 6 | D4: =((A8-D10)/C4)/1.2 -> 0 | E4: =D4/1.53 -> 0 | F4: =D4/3 -> 0 | G4: =((A8-D10)-((A8-D10)/C4))/3 -> 0 | H4: =(B12+E12)*0.5 -> 0 | K4: 40 | L4: =(B10+D10)*H4*I4/K4 -> #DIV/0! | M4: =L4*15% -> #DIV/0!
A5: ใส่น้ำในถังกี่% | B5: 22°C ลงไป | C5: 5 | D5: =((A8-D10)/C5)/1.2 -> 0 | E5: =D5/1.53 -> 0 | F5: =D5/3 -> 0 | G5: =((A8-D10)-((A8-D10)/C5))/3 -> 0 | M5: คงเหลือ
B6: 20°C ลงไป | C6: 4 | D6: =((A8-D10)/C6)/1.2 -> 0 | E6: =D6/1.53 -> 0 | F6: =D6/3 -> 0 | G6: =((A8-D10)-((A8-D10)/C6))/3 -> 0 | M6: =L4-M4 -> #DIV/0!
A7: ปริมาณน้ำที่ ใช้ต่อ 1 ถัง(ลิตร) | B7: ปริมาณน้ำเปล่า ที่ใส่ต่อ 1 ถัง(ลิตร) | D7: น้ำผลไม้ต่อ 1 ถัง รวมกาก(ลิตร) | E7: ค่าความหวานที่ ต้องเติมเเพิ่ม(Bx) | G7: ค่าความหวานที่ ได้จากวัตถุดิบ(Bx) | H7: เพิ่มความหวานจากวัตถุดิบ | M7: ปริมาณวัตถุดิบ ความหวาน ที่ต้องเพิ่ม(ลิตร) | N7: ปริมาณวัตถุดิบ ความหวาน ที่ต้องเพิ่ม(ml)
A8: =A4*A6 -> 0 | B8: =A8-D8 -> #DIV/0! | D8: =D10/A10 -> #DIV/0! | E8: =B12-E12 -> 0 | H8: ชื่อวัตถุดิบ | K8: ปริมาณ | L8: หน่วย
A9: จำนวนถัง ทั้งหมด (ถัง) | B9: ปริมาณน้ำที่ใช้ ทั้งหมด(ลิตร) | D9: น้ำผลไม้ ทั้งหมด รวมกาก(ลิตร) | E9: ค่าความหวานที่อยากได้ จากผลไม้(Bx) | M9: =((B10*E8)*(100%-D12))/((G9+G10+G11+G12)-E10) -> #DIV/0! | N9: =M9*1000 -> #DIV/0!
B10: =(A8-D8)*A10 -> #DIV/0! | E10: 28
B11: ค่าความหวานก่อนหมัก ที่ได้จากข้าว(Bx) | D11: กาก ผลไม้ (%) | E11: ค่าความหวานที่ได้ จากน้ำผลไม้(ฺBx)
A13: ⬆⬆⬆ วัตถุดิบที่ต้องเตรียมก่อนหมักทั้งหมด ลำดับ 1 ⬆⬆⬆
A14: ปริมาณโซเดียมเมตาไบซัลไฟต์ ต่อ 1 ถัง(กรัม) ⬇ | C14: ปริมาณน้ำเปล่า ต่อ 1 ถัง ที่ต้องเตรียม(ลิตร) ⬇ | E14: ปริมาณน้ำผลไม้ต่อ 1 ถัง ที่ต้องเตรียม(ลิตร) ⬇ | G14: เพิ่มปริมาณวัตถุดิบ ความหวาน ต่อ 1 ถัง (ลิตร) ⬇ | H14: ข้าวสุกหรือธัญพืช ต่อ 1 ถัง (Kg) ⬇ | K14: ข้าวเเหนียวดิบหรือธัญพืช ต่อ 1 ถัง (Kg) ⬇ | L14: ข้าวเจ้าดิบหรือธัญพืช ต่อ 1 ถัง (Kg) ⬇ | M14: น้ำตาล ต่อ 1 ถัง(Kg) ⬇ | N14: ลูกแป้ง ต่อ 1 ถัง(กรัม) ⬇
A15: ='คำนวณเตรียมวัตถุดิบทำ เอนไซม์'!H4 -> 0 | C15: =B8 -> #DIV/0! | E15: =D8 -> #DIV/0! | G15: =M9 -> #DIV/0! | H15: =D4 -> 0 | K15: =E4 -> 0 | L15: =F4 -> 0 | M15: =G4 -> 0 | N15: ='คำนวณเตรียมวัตถุดิบทำ เอนไซม์'!G8 -> 0
A16: ปริมาณโซเดียมเมตาไบซัลไฟต์ ทั้งหมด(กรัม) ⬇ | C16: ปริมาณน้ำเปล่า ทั้งหมดที่ต้องเตรียม(ลิตร) ⬇ | E16: ปริมาณน้ำผลไม้ ทั้งหมดที่ต้องเตรียม(ลิตร) ⬇ | G16: ปริมาณน้ำผลไม้ ทั้งหมดที่ต้องเตรียม(ลิตร) ⬇ | H16: ข้าวสุกหรือธัญพืชทั้งหมด(Kg) ⬇ | K16: ข้าวหนียวดิบหรือธัญพืชทั้งหมด(Kg) ⬇ | L16: ข้าวเจ้าดิบหรือธัญพืชทั้งหมด(Kg) ⬇ | M16: น้ำตาลทั้งหมด(Kg) ⬇ | N16: ลูกแป้ง ทั้งหมด(กรัม) ⬇
A17: ='คำนวณเตรียมวัตถุดิบทำ เอนไซม์'!H6 -> 0 | C17: =B10 -> #DIV/0! | E17: =E15*A10 -> #DIV/0! | G17: =M9*A10 -> #DIV/0! | H17: =D4*A10 -> 0 | K17: =E4*A10 -> 0 | L17: =F4*A10 -> 0 | M17: =G4*A10 -> 0 | N17: ='คำนวณเตรียมวัตถุดิบทำ เอนไซม์'!G10 -> 0
A18: ยีสต์ ต่อ 1 ถัง(กรัม) ⬇ | C18: เอนไซม์ ต่อ 1 ถัง(ลิตร) ⬇ | E18: ชื้อผลไม้ | G18: ผลไม้ที่ใช้ต่อ 1 ถัง(Kg)
A19: ='คำนวณเตรียมวัตถุดิบทำ เอนไซม์'!G4 -> 0 | C19: ='คำนวณเตรียมวัตถุดิบทำ เอนไซม์'!E6 -> 0
A20: ยีสต์ ทั้งหมด(กรัม) ⬇ | C20: เอนไซม์ ทั้งหมด(ลิตร) ⬇ | G20: ผลไม้ที่ใช้ทั้งหมด(Kg)
A21: ='คำนวณเตรียมวัตถุดิบทำ เอนไซม์'!G6 -> 0 | C21: ='คำนวณเตรียมวัตถุดิบทำ เอนไซม์'!E9 -> 0 | G21: =G19*A10 -> 0

Sheet สูตรคำนวณใส่น้ำผลไม้
A1: สูตรคำนวณใส่น้ำผลไม้
A2: ขนาดถังบรรจุต่อ 1 ถัง(ลิตร) | B2: ปริมาณน้ำเปล่า ที่ใส่ต่อ 1 ถัง(ลิตร) | D2: น้ำผลไม้ต่อ 1 ถัง รวมกาก(ลิตร) | E2: น้ำตาล(Kg) น้ำตาล 1 Kg ใส่น้ำ 3 ลิตร | G2: เครื่องกลั่นที่กลั่นเหล้า ออกมาได้กี่ % | H2: ดีกรีที่จะทำ (ดีกรี) | I2: น้ำเหล้า ที่จะได้(ลิตร) | K2: น้ำเหล้ามีโอกาสหายเมื่อ เย็นลง15% (ลิตร)
B3: =A7-D3 -> #DIV/0! | D3: =D5/A9 -> #DIV/0! | E3: =A7/3 -> 0 | H3: 40 | I3: =(B5+D5)*E5*G3/H3 -> #DIV/0! | K3: =I3*15% -> #DIV/0!
A4: ใส่น้ำในถังกี่% | B4: ปริมาณน้ำที่ใช้ ทั้งหมด(ลิตร) | D4: น้ำผลไม้ ทั้งหมดที่มี รวมกาก(ลิตร) | E4: ความหวาน ค่าดีกรีก่อนกลั่น(ดีกรี) มาตรฐานคือ 28 Bx | K4: คงเหลือ
B5: =B3*A9 -> #DIV/0! | E5: =D9*0.5 -> 0 | K5: =I3-K3 -> #DIV/0!
A6: ปริมาณน้ำที่ ใช้ต่อ 1 ถัง(ลิตร) | B6: ค่าความหวานที่อยากได้ จากผลไม้(Bx) | D6: กาก ผลไม้ (%) | E6: ค่าความหวานที่ ได้จากวัตถุดิบ(Bx) | G6: เพิ่มความหวานจากวัตถุดิบ | K6: ปริมาณวัตถุดิบ ความหวาน ที่ต้องเพิ่ม(ลิตร) | L6: ปริมาณวัตถุดิบ ความหวาน ที่ต้องเพิ่ม(ml)
A7: =A3*A5 -> 0 | B7: 28 | G7: ชื่อวัตถุดิบ | I7: ปริมาณ | J7: หน่วย
A8: จำนวนถัง ทั้งหมด (ถัง) | B8: ค่าความหวานที่ ต้องเติมเเพิ่ม(Bx) | D8: ค่าความหวานที่ได้ จากน้ำผลไม้(Bx) | K8: =((D5*B9)*(100%-D7))/((E8+E9+E10)-B7) -> 0 | L8: =K8*1000 -> 0
B9: =B7-D9 -> 28
A11: ผลไม้ที่ใช้ต่อ 1 ถัง | C11: ⬆⬆⬆ วัตถุดิบที่ต้องเตรียมก่อนหมักทั้งหมด ลำดับ 1 ⬆⬆⬆
C12: ปริมาณโซเดียมเมตาไบซัลไฟต์ ต่อ 1 ถัง(กรัม) ⬇ | E12: ปริมาณน้ำเปล่า ต่อ 1 ถัง ที่ต้องเตรียม(ลิตร) ⬇ | G12: ปริมาณน้ำผลไม้ต่อ 1 ถัง ที่ต้องเตรียม(ลิตร) ⬇ | H12: เพิ่มปริมาณวัตถุดิบ ความหวาน ต่อ 1 ถัง (ลิตร) ⬇ | J12: น้ำตาล ต่อ 1 ถัง(Kg) ⬇ | L12: ยีสต์ ต่อ 1 ถัง(กรัม) ⬇
C13: ='คำนวณเตรียมวัตถุดิบทำ เอนไซม์'!H4 -> 0 | E13: =B3 -> #DIV/0! | G13: =D3 -> #DIV/0! | H13: =K8 -> 0 | J13: =E3 -> 0 | L13: ='คำนวณเตรียมวัตถุดิบทำ เอนไซม์'!G4*2.5 -> 0
A14: ผลไม้ที่ใช้ทั้งหมด | C14: ปริมาณโซเดียมเมตาไบซัลไฟต์ ทั้งหมด(กรัม) ⬇ | E14: ปริมาณน้ำเปล่า ทั้งหมดที่ต้องเตรียม(ลิตร) ⬇ | G14: ปริมาณน้ำผลไม้ ทั้งหมดที่ต้องเตรียม(ลิตร) ⬇ | H14: ปริมาณน้ำผลไม้ ทั้งหมดที่ต้องเตรียม(ลิตร) ⬇ | J14: น้ำตาลทั้งหมด(Kg) ⬇ | L14: ยีสต์ ทั้งหมด(กรัม) ⬇
A15: =A13*A9 -> 0 | C15: ='คำนวณเตรียมวัตถุดิบทำ เอนไซม์'!H6 -> 0 | E15: =B5 -> #DIV/0! | G15: =G13*A9 -> #DIV/0! | H15: =H13*A9 -> 0 | J15: =J13*A9 -> 0 | L15: ='คำนวณเตรียมวัตถุดิบทำ เอนไซม์'!G6*2.5 -> 0

Sheet สูตรทำแอลกอฮอล์
A1: สูตรทำแอลกอฮอล์
A2: วัน/เดือน/ปี | B2: อุณหภูมิ วัน(°C) | C2: อุณหภูมิ ถัง(°C) | D2: วัตถุดิบ | H2: วัตถุดิบเพิ่ม เติมหลังกลั่น | L2: ปริมาณน้ำ ทั้งหมด(ลิตร) | M2: ปริมาณ การกลั่น(ลิตร) | N2: ดีกรี แอลกอฮอล์ | O2: ต้นทุน วัตถุดิบ(บาท) | P2: ต้นทุน บรรจุภัณฑ์ (บาท) | Q2: ขนาด บรรจุภัณฑ์ (ลิตร) | R2: ราคาขาย (บาท)
D3: ชื่อวัตถุดิบ | E3: ปริมาณ | F3: หน่วย | G3: ราคา(บาท) | H3: ชื่อวัตถุดิบ | I3: ปริมาณ | J3: หน่วย | K3: ราคา(บาท)
A4: 46023 | D4: โซเดียมเมตาไบซัลไฟ | E4: ='คำนวณเตรียมวัตถุดิบทำ เอนไซม์'!H6 -> 0 | F4: กรัม | G4: =E4/1000*90 -> 0 | O4: =SUM(G4:G37)+SUM(K4:K37) -> 0
B5: สูงสุด(°C) | C5: สูงสุด(°C) | D5: ยีสต์ | E5: ='คำนวณเตรียมวัตถุดิบทำ เอนไซม์'!G6 -> 0 | F5: กรัม | G5: =E5/140 -> 0
A6: 46023 | D6: ลูกแป้ง | E6: ='คำนวณเตรียมวัตถุดิบทำ เอนไซม์'!G10 -> 0 | F6: กรัม | G6: =E6/1000*120 -> 0
A7: 46023 | D7: เอนไซม์ | E7: ='คำนวณเตรียมวัตถุดิบทำ เอนไซม์'!E9 -> 0 | F7: ลิตร | G7: ='คำนวณเตรียมวัตถุดิบทำ เอนไซม์'!C5*100/500 -> 0
A8: 46023 | D8: น้ำตาลทรายแดง | F8: Kg | G8: =E8*28 -> 0
A9: 46023
A10: 46023
A11: 46023
A12: 46023
A13: 46023
A14: 46023
A15: 46023
A16: 46023
A17: 46023
A18: 46023
A19: 46023
A20: 46023

Sheet ขั้นตอนการทำหมักแอลกอฮอล์
A1: ขั้นตอนการทำหมักแอลกอฮอล์
A2: ลำดับ | B2: ขั้นตอน | C2: ทำเสร็จ
A3: 1 | B3: ถ้าป็นผลไม้หรือน้ำอ้อยควร ต้ม ก่อนนำไปหมักสมอ | C3: FALSE
A4: 2 | B4: เตรียมถังหมัก | C4: FALSE
A5: 3 | B5: ใส่ โซเดียมเมตาไบซัลไฟต์ ในถังหมัก | C5: FALSE
A6: 4 | B6: ใส่ น้ำ ตามปริมาณน้ำที่กำหนด | C6: FALSE
A7: 5 | B7: ใส่ น้ำตาล ตามปริมาณที่กำหนด | C7: FALSE
A8: 6 | B8: คนให้ละลายจนหมด | C8: FALSE
A9: 7 | B9: ตรวจสอบอุณหภูมิน้ำ ปกติ 22-25°C ร้อนเกินไป 25-28°C | C9: FALSE
A10: 8 | B10: ใส่ ข้าวสุกใหม่ หรือ ธัญพืชอื่น ล้างข้าวหรือธัญพืชก่อนนึ่งทุกครั้ง | C10: FALSE
A11: 9 | B11: ตรวจสอบอุณหภูมิน้ำ หลังใส่ข้าวสุก อุณหภูมิน้ำจะเพิ่มขึ้นชั่วคราวประมาณ 3-4°C อุณหภูมิไม่ควนเกิน 32°C | C11: FALSE
A12: 10 | B12: ใส่ ลูกแป้ง ตามปริมาณที่กำหนด | C12: FALSE
A13: 11 | B13: ใส่ ยีสต์ ตามปริมาณที่กำหนด | C13: FALSE
A14: 12 | B14: ใส่ เอนไซม์ ตามปริมาณที่กำหนด | C14: FALSE
... A33: 31 | B33: แล้วผลิดใหม่ แล้วนำมาผสมกับแอลกอฮอล์เก่าที่เเก็บใว้ทำให้รสชาติกลิ่นคงที่ | C33: FALSE

Sheet ตารางกลิ่นและรสชาติของวัตถุดิบ
A1: ตารางกลิ่นและรสชาติของวัตถุดิบ
A2: วัตถุดิบ | B2: รสชาติ | C2: กลิ่น
A3: ข้าวเหนียว | B3: - นุ่มละมุน - หวานธรรมชาติ - ดื่มง่าย | C3: - กลิ่นข้าวสุกอ่อน
A4: ข้าวเจ้า | B4: - สะอาด - บิดี้บางกว่าข้าวเหนียว | C4: - กลิ่ิ่นข้าวสุกหอมอ่อนๆ
A5: ข้าวโพด | B5: - หวาน | C5: - กลิ่นเนยอ่อน - กลิ่นข้าวโพดติดปลายแอลกฮอล์
A6: ข้าวบาร์เลย์ | B6: - มัน คล้ายถั่ว - ขมนิดๆ ตอนปลาย | C6: - กลิ่นธัญพืชคั่ว - กลิ่นมอลต์โดยเฉพาะบาร์เลย์งอกจะให้กลิ่นมอลต์ชัดมาก
A7: ข้าวสาลี | B7: - นุ่ม - ครีมมี่กลิ่นแอลกอฮอล์ต่ำ | C7: - กลิ่นแป้งขนมปังอบอ่อนๆ
A8: ข้าวฟ่างแดง | B8: - มัน แบบเปลือกถั่วผสมความเปรี้ยวคล้ายผลไม้ | C8: - กลิ่นสับปะรด - กลิ่นหมักคล้ายเต้าเจี้ยวหมัก
A9: ข้าวหอมมะลิ | B9: - รสชาติที่นุ่มนวลและไม่ทำให้เกิดอาการแฮ้งค์ | C9: - หอมข้าวหอมมะลิ ละมุนกว่าข้าวชนิดอื่น
A10: มันสำปะหลัง | B10: - สะอาด เป็นกลาง | C10: - กลิ่นดินและแป้งอ่อน

Sheet ความหวาน
A1: ความหวาน
A2: วัตถุดิบ | B2: รสชาติ | C2: กลิ่น
A3: น้ำอ้อย | B3: - หวานสด สดชื่น | C3: - กลิ่นหญ่าอ้อย
A4: กากน้ำตาล | B4: - หวานเข้ม - หนัก - ขมหวานแบบน้ำตาลดำ | C4: - คาราเมล - ทอฟฟี่ - สโสมกกี้
A5: คาราเเมลไซรัป | B5: - หวานเข้ม - มีรสไหม้เล็กน้อย
A6: น้ำตาลทราบขาว | B6: - หวานสะอาบเรียบง่าย
A7: น้ำตาลทรายไม่ฟอก | B7: - หวานลึก - คาราเมล - กาแฟ - ชะเอม | C7: - น้ำตาลดำ - คาราเมล - สโมกกี้
A8: น้ำผึ่ง | B8: - หวานธรรมชาติ แตกต่างตามชนิดดอกไม้ | C8: - ดอกไม้ - ผลไม้ - ขี้ผึ่ง

Sheet หมักผลไม้ทำแอลกอฮอล์
A1: หมักผลไม้ทำแอลกอฮอล์
A2: - ผลไม้จับคู่เพื่อเน้นรสชาติและกลิ่นเฉพาะ นุ่ม หวานอ่อน
A3: - วัตถุดิบ ข้าวเหนียว ข้าวสาลี - หมักที่อุณหภูมิต่ำ 18 - 22°C
A4: -ยัสต์หมัก เอสเทอร์ต่ำ

Sheet หมักธัญพืชคั่วทำแอลกอฮอล์
A1: หมักธัญพืชคั่วทำแอลกอฮอล์
A2: - บอดี้หนัก กลิ่นลึก
A3: - วัตถุดิบ ข้าวบาร์เเลย์ ข้าวเจ้า ข้าวโพด
A4: - หมักที่อุณหภูมิต่ำ 24 - 30°C -ยัสต์หมัก เอสเทอร์สูง
